<?xml version="1.0"?>
<!DOCTYPE Configure PUBLIC "-//Jetty//Configure//EN" "http://www.eclipse.org/jetty/configure_9_3.dtd">

<!-- ============================================================= -->
<!-- Configure a HTTPS connector.                                  -->
<!-- This configuration must be used in conjunction with jetty.xml -->
<!-- and jetty-ssl.xml.                                            -->
<!-- ============================================================= -->
<Configure id="sslConnector" class="org.eclipse.jetty.server.ServerConnector">

  <Call name="addIfAbsentConnectionFactory">
    <Arg>
      <New class="org.eclipse.jetty.server.SslConnectionFactory">
        <Arg name="next">http/1.1</Arg>
        <Arg name="sslContextFactory"><Ref refid="sslContextFactory"/></Arg>
      </New>
    </Arg>
  </Call>

  <Call name="addConnectionFactory">
    <Arg>
      <New class="org.eclipse.jetty.server.HttpConnectionFactory">
        <Arg name="config"><Ref refid="sslHttpConfig" /></Arg>
      </New>
    </Arg>
  </Call>

</Configure>
